{
  "Products" : {
    "transaction" : "Products",
    "sampleCount" : 2000,
    "errorCount" : 0,
    "errorPct" : 0.0,
    "meanResTime" : 292.88550000000015,
    "medianResTime" : 308.0,
    "minResTime" : 25.0,
    "maxResTime" : 852.0,
    "pct1ResTime" : 402.0,
    "pct2ResTime" : 424.0,
    "pct3ResTime" : 639.99,
    "throughput" : 200.4811547714515,
    "receivedKBytesPerSec" : 371.72671442712505,
    "sentKBytesPerSec" : 48.234121266038485
  },
  "Total" : {
    "transaction" : "Total",
    "sampleCount" : 2000,
    "errorCount" : 0,
    "errorPct" : 0.0,
    "meanResTime" : 292.88550000000015,
    "medianResTime" : 308.0,
    "minResTime" : 25.0,
    "maxResTime" : 852.0,
    "pct1ResTime" : 402.0,
    "pct2ResTime" : 424.0,
    "pct3ResTime" : 639.99,
    "throughput" : 200.4811547714515,
    "receivedKBytesPerSec" : 371.72671442712505,
    "sentKBytesPerSec" : 48.234121266038485
  }
}