{
  "Products" : {
    "transaction" : "Products",
    "sampleCount" : 8000,
    "errorCount" : 6,
    "errorPct" : 0.075,
    "meanResTime" : 9505.16012500002,
    "medianResTime" : 5790.0,
    "minResTime" : 22.0,
    "maxResTime" : 69586.0,
    "pct1ResTime" : 22838.700000000023,
    "pct2ResTime" : 46402.69999999999,
    "pct3ResTime" : 64733.77,
    "throughput" : 75.44678643844013,
    "receivedKBytesPerSec" : 140.05728871952658,
    "sentKBytesPerSec" : 18.151601623284765
  },
  "Total" : {
    "transaction" : "Total",
    "sampleCount" : 8000,
    "errorCount" : 6,
    "errorPct" : 0.075,
    "meanResTime" : 9505.16012500002,
    "medianResTime" : 5790.0,
    "minResTime" : 22.0,
    "maxResTime" : 69586.0,
    "pct1ResTime" : 22838.700000000023,
    "pct2ResTime" : 46402.69999999999,
    "pct3ResTime" : 64733.77,
    "throughput" : 75.44678643844013,
    "receivedKBytesPerSec" : 140.05728871952658,
    "sentKBytesPerSec" : 18.151601623284765
  }
}