{
  "Products" : {
    "transaction" : "Products",
    "sampleCount" : 1400,
    "errorCount" : 0,
    "errorPct" : 0.0,
    "meanResTime" : 30.6257142857142,
    "medianResTime" : 11.0,
    "minResTime" : 5.0,
    "maxResTime" : 355.0,
    "pct1ResTime" : 94.90000000000009,
    "pct2ResTime" : 195.95000000000005,
    "pct3ResTime" : 251.93000000000006,
    "throughput" : 145.63611775720378,
    "receivedKBytesPerSec" : 270.59710808280454,
    "sentKBytesPerSec" : 35.028960619733695
  },
  "Total" : {
    "transaction" : "Total",
    "sampleCount" : 1400,
    "errorCount" : 0,
    "errorPct" : 0.0,
    "meanResTime" : 30.6257142857142,
    "medianResTime" : 11.0,
    "minResTime" : 5.0,
    "maxResTime" : 355.0,
    "pct1ResTime" : 94.90000000000009,
    "pct2ResTime" : 195.95000000000005,
    "pct3ResTime" : 251.93000000000006,
    "throughput" : 145.63611775720378,
    "receivedKBytesPerSec" : 270.59710808280454,
    "sentKBytesPerSec" : 35.028960619733695
  }
}