{
  "Products" : {
    "transaction" : "Products",
    "sampleCount" : 16000,
    "errorCount" : 0,
    "errorPct" : 0.0,
    "meanResTime" : 22.407562500000036,
    "medianResTime" : 10.0,
    "minResTime" : 4.0,
    "maxResTime" : 2201.0,
    "pct1ResTime" : 12.0,
    "pct2ResTime" : 55.0,
    "pct3ResTime" : 193.98999999999978,
    "throughput" : 52.9675044360285,
    "receivedKBytesPerSec" : 98.2945918367558,
    "sentKBytesPerSec" : 12.743026574583212
  },
  "Total" : {
    "transaction" : "Total",
    "sampleCount" : 16000,
    "errorCount" : 0,
    "errorPct" : 0.0,
    "meanResTime" : 22.407562500000036,
    "medianResTime" : 10.0,
    "minResTime" : 4.0,
    "maxResTime" : 2201.0,
    "pct1ResTime" : 12.0,
    "pct2ResTime" : 55.0,
    "pct3ResTime" : 193.98999999999978,
    "throughput" : 52.9675044360285,
    "receivedKBytesPerSec" : 98.2945918367558,
    "sentKBytesPerSec" : 12.743026574583212
  }
}