{
  "Products" : {
    "transaction" : "Products",
    "sampleCount" : 2350,
    "errorCount" : 0,
    "errorPct" : 0.0,
    "meanResTime" : 333.1204255319153,
    "medianResTime" : 345.5,
    "minResTime" : 19.0,
    "maxResTime" : 779.0,
    "pct1ResTime" : 397.0,
    "pct2ResTime" : 418.0,
    "pct3ResTime" : 653.4899999999998,
    "throughput" : 213.85021385021386,
    "receivedKBytesPerSec" : 396.7151633167258,
    "sentKBytesPerSec" : 51.448465510965505
  },
  "Total" : {
    "transaction" : "Total",
    "sampleCount" : 2350,
    "errorCount" : 0,
    "errorPct" : 0.0,
    "meanResTime" : 333.1204255319153,
    "medianResTime" : 345.5,
    "minResTime" : 19.0,
    "maxResTime" : 779.0,
    "pct1ResTime" : 397.0,
    "pct2ResTime" : 418.0,
    "pct3ResTime" : 653.4899999999998,
    "throughput" : 213.85021385021386,
    "receivedKBytesPerSec" : 396.7151633167258,
    "sentKBytesPerSec" : 51.448465510965505
  }
}