{
  "Products" : {
    "transaction" : "Products",
    "sampleCount" : 1750,
    "errorCount" : 0,
    "errorPct" : 0.0,
    "meanResTime" : 38.29085714285711,
    "medianResTime" : 12.0,
    "minResTime" : 5.0,
    "maxResTime" : 337.0,
    "pct1ResTime" : 123.0,
    "pct2ResTime" : 162.89999999999964,
    "pct3ResTime" : 212.49,
    "throughput" : 184.38520703824676,
    "receivedKBytesPerSec" : 342.36001129359397,
    "sentKBytesPerSec" : 44.349478288641876
  },
  "Total" : {
    "transaction" : "Total",
    "sampleCount" : 1750,
    "errorCount" : 0,
    "errorPct" : 0.0,
    "meanResTime" : 38.29085714285711,
    "medianResTime" : 12.0,
    "minResTime" : 5.0,
    "maxResTime" : 337.0,
    "pct1ResTime" : 123.0,
    "pct2ResTime" : 162.89999999999964,
    "pct3ResTime" : 212.49,
    "throughput" : 184.38520703824676,
    "receivedKBytesPerSec" : 342.36001129359397,
    "sentKBytesPerSec" : 44.349478288641876
  }
}