{
  "Products" : {
    "transaction" : "Products",
    "sampleCount" : 40000,
    "errorCount" : 0,
    "errorPct" : 0.0,
    "meanResTime" : 75.47574999999951,
    "medianResTime" : 11.0,
    "minResTime" : 4.0,
    "maxResTime" : 7816.0,
    "pct1ResTime" : 284.0,
    "pct2ResTime" : 355.0,
    "pct3ResTime" : 865.5400000000736,
    "throughput" : 132.1003963011889,
    "receivedKBytesPerSec" : 245.24023824512878,
    "sentKBytesPerSec" : 31.780820415703435
  },
  "Total" : {
    "transaction" : "Total",
    "sampleCount" : 40000,
    "errorCount" : 0,
    "errorPct" : 0.0,
    "meanResTime" : 75.47574999999951,
    "medianResTime" : 11.0,
    "minResTime" : 4.0,
    "maxResTime" : 7816.0,
    "pct1ResTime" : 284.0,
    "pct2ResTime" : 355.0,
    "pct3ResTime" : 865.5400000000736,
    "throughput" : 132.1003963011889,
    "receivedKBytesPerSec" : 245.24023824512878,
    "sentKBytesPerSec" : 31.780820415703435
  }
}