{
  "Products" : {
    "transaction" : "Products",
    "sampleCount" : 800,
    "errorCount" : 0,
    "errorPct" : 0.0,
    "meanResTime" : 15.988750000000017,
    "medianResTime" : 11.0,
    "minResTime" : 4.0,
    "maxResTime" : 237.0,
    "pct1ResTime" : 12.0,
    "pct2ResTime" : 36.94999999999993,
    "pct3ResTime" : 201.97000000000003,
    "throughput" : 81.30081300813008,
    "receivedKBytesPerSec" : 150.7149549034553,
    "sentKBytesPerSec" : 19.557450457317074
  },
  "Total" : {
    "transaction" : "Total",
    "sampleCount" : 800,
    "errorCount" : 0,
    "errorPct" : 0.0,
    "meanResTime" : 15.988750000000017,
    "medianResTime" : 11.0,
    "minResTime" : 4.0,
    "maxResTime" : 237.0,
    "pct1ResTime" : 12.0,
    "pct2ResTime" : 36.94999999999993,
    "pct3ResTime" : 201.97000000000003,
    "throughput" : 81.30081300813008,
    "receivedKBytesPerSec" : 150.7149549034553,
    "sentKBytesPerSec" : 19.557450457317074
  }
}