{
  "Products" : {
    "transaction" : "Products",
    "sampleCount" : 64000,
    "errorCount" : 0,
    "errorPct" : 0.0,
    "meanResTime" : 243.14534374999823,
    "medianResTime" : 403.0,
    "minResTime" : 4.0,
    "maxResTime" : 3568.0,
    "pct1ResTime" : 487.0,
    "pct2ResTime" : 541.0,
    "pct3ResTime" : 1176.9800000000032,
    "throughput" : 205.54720520034428,
    "receivedKBytesPerSec" : 381.5600251283466,
    "sentKBytesPerSec" : 49.45157574314147
  },
  "Total" : {
    "transaction" : "Total",
    "sampleCount" : 64000,
    "errorCount" : 0,
    "errorPct" : 0.0,
    "meanResTime" : 243.14534374999823,
    "medianResTime" : 403.0,
    "minResTime" : 4.0,
    "maxResTime" : 3568.0,
    "pct1ResTime" : 487.0,
    "pct2ResTime" : 541.0,
    "pct3ResTime" : 1176.9800000000032,
    "throughput" : 205.54720520034428,
    "receivedKBytesPerSec" : 381.5600251283466,
    "sentKBytesPerSec" : 49.45157574314147
  }
}